{
    "bins": [
        [
            0.0,
            300.0,
            600.0,
            950.0,
            1550.0
        ],
        [
            1.0,
            2.154434690031884,
            4.641588833612778,
            10.0,
            21.544346900318832,
            46.41588833612777,
            100.0,
            215.44346900318823,
            464.15888336127773,
            1000.0,
            2154.4346900318824,
            4641.588833612777,
            10000.0,
            100000.0,
            1000000.0
        ],
        [
            2.5,
            3.5,
            4.0,
            4.4,
            5.5
        ]
    ],
    "bounds": [
        [
            0.0,
            1550.0
        ],
        [
            1.0,
            1000000.0
        ],
        [
            0.1,
            "inf"
        ]
    ],
    "ratios": [
        [
            [
                -0.007799957885907083,
                -0.04266604089957769,
                0.12970448889044092,
                0.7237874755126615
            ],
            [
                0.02047167103062778,
                0.02151693803525092,
                0.03044775412735898,
                0.3143742413272226
            ],
            [
                -0.02072733518699364,
                0.04837248716734001,
                -0.07556140581170753,
                -0.049626406362767654
            ],
            [
                0.04585776880020625,
                0.08233159333443474,
                -0.21088502200004053,
                -0.4112259834493365
            ],
            [
                0.31531917410103444,
                0.41144098236575205,
                -0.1484110727888545,
                -0.5081206418197002
            ],
            [
                0.7286478373223974,
                1.0342590622047096,
                0.4981710894293262,
                -0.04523206814592033
            ],
            [
                1.274302545604141,
                1.841436103126258,
                1.730136674100527,
                0.9464753658108155
            ],
            [
                1.601027215238383,
                2.632929182389575,
                2.9208003657886126,
                2.152557046889887
            ],
            [
                1.2070490143341244,
                3.011915523864881,
                3.8621072021541716,
                3.68706354626568
            ],
            [
                1.142373399910629,
                3.506125823978858,
                4.936658478908184,
                5.026485085907765
            ],
            [
                -0.22918420094345668,
                4.601286872720833,
                5.54605826044276,
                5.793277227170138
            ],
            [
                -0.11777562220921264,
                2.89329109669221,
                4.976580550108869,
                7.109238998806068
            ],
            [
                0.6214489784677139,
                2.408059219919569,
                4.909699482168497,
                7.232904154302338
            ],
            [
                0.0,
                0.0,
                0.0,
                2.645829802033636
            ]
        ],
        [
            [
                0.0032881942636239863,
                -0.0390588109855803,
                0.1664887355805135,
                0.4955678186174128
            ],
            [
                0.006278030715503679,
                0.02118581846284746,
                0.08702883435063057,
                0.3678542012731495
            ],
            [
                -0.06165150783033773,
                0.03370026172465696,
                -0.10665763187052271,
                0.1342160182011785
            ],
            [
                -0.11846137203561026,
                0.11290454089675768,
                -0.2957150952375901,
                -0.4002102457858308
            ],
            [
                -0.0001667838568846292,
                0.39737527726308713,
                -0.006985633217051865,
                -0.4891606929558564
            ],
            [
                0.4070606111226258,
                0.8341012246457867,
                0.9316047396930746,
                0.3268384904119945
            ],
            [
                0.6500888547662411,
                1.457578210700142,
                1.7919361978616652,
                1.575990556381078
            ],
            [
                0.958388431894403,
                2.1468442393152127,
                2.631961089569561,
                2.8315903449990056
            ],
            [
                0.48736929988266764,
                1.9088603540036624,
                3.1757656945250896,
                4.106819725299385
            ],
            [
                1.51960678614843,
                2.0593847125104525,
                3.6539447078937113,
                5.369117271760531
            ],
            [
                -0.9199744569504794,
                4.202581465206723,
                4.896614096800694,
                5.862073404742945
            ],
            [
                0.0,
                2.874680960540353,
                4.89114375367438,
                7.519257270482981
            ],
            [
                0.0,
                2.405761815339031,
                3.540013076663683,
                6.714750874528782
            ],
            [
                0.0,
                0.0,
                0.0,
                2.281652861498384
            ]
        ],
        [
            [
                -0.011678762825428814,
                0.05779991968816951,
                0.10555470356087761,
                -0.09133075708551353
            ],
            [
                0.029800804476064403,
                -0.09361828630977818,
                0.03715906729416371,
                -0.018851530966552205
            ],
            [
                0.03973947942634746,
                -0.026712843670576844,
                -0.21815840908400666,
                -0.05380498143947317
            ],
            [
                -0.01197372076983156,
                0.20234704052937458,
                0.006071083679525248,
                -0.26835806024793674
            ],
            [
                -0.020241669872735114,
                0.45798581625893575,
                0.6346204640252883,
                0.19283903203020455
            ],
            [
                0.14963530701229408,
                0.7482466626225701,
                1.1968376791186335,
                1.2829872444675983
            ],
            [
                -0.08158709496343874,
                1.1230062285632614,
                1.7336803625878074,
                2.4421678249133376
            ],
            [
                0.6918956753303295,
                0.8601830593342024,
                2.121889496986074,
                3.5250888257927526
            ],
            [
                0.17527401252780508,
                0.2770410144377585,
                1.8411675544882673,
                4.045337958004997
            ],
            [
                -1.582540735023529,
                0.1328994573718907,
                1.5667625045542328,
                4.4895090623580565
            ],
            [
                -0.8084413670086662,
                0.3003870857325873,
                1.5643077931875449,
                5.3183479796785855
            ],
            [
                0.0,
                0.0,
                2.4906001399311957,
                5.402329813076001
            ],
            [
                0.0,
                0.0,
                1.621818630774467,
                4.708600300902365
            ],
            [
                0.0,
                0.0,
                0.19897168770002224,
                1.419130662842062
            ]
        ],
        [
