{
    "bins": [
        [
            0.0,
            300.0,
            600.0,
            950.0,
            1550.0
        ],
        [
            1.0,
            2.154434690031884,
            4.641588833612778,
            10.0,
            21.544346900318832,
            46.41588833612777,
            100.0,
            215.44346900318823,
            464.15888336127773,
            1000.0,
            2154.4346900318824,
            4641.588833612777,
            10000.0,
            100000.0,
            1000000.0
        ],
        [
            2.5,
            3.5,
            4.0,
            4.4,
            5.5
        ]
    ],
    "bounds": [
        [
            0.0,
            1550.0
        ],
        [
            1.0,
            1000000.0
        ],
        [
            0.1,
            "inf"
        ]
    ],
    "ratios": [
        [
            [
                -0.010700773500413095,
                -0.015512070976496954,
                0.3418700968711216,
                1.2209189083961713
            ],
            [
                0.023669690791101577,
                -0.004919299761851296,
                0.10545363224315932,
                0.6998857157894698
            ],
            [
                0.041946534444947406,
                -0.005407106933625986,
                -0.21913135041228823,
                0.0341204352367424
            ],
            [
                0.12279335158665497,
                0.23762638298435784,
                -0.3870698730908548,
                -0.5849223463678179
            ],
            [
                0.43336772913924304,
                0.7432653893584771,
                -0.061342688922794195,
                -0.5683345058283747
            ],
            [
                0.810209634797992,
                1.1143675348864677,
                0.811830712993666,
                0.16840841738522996
            ],
            [
                1.328835340826952,
                1.648994280830884,
                1.6658372781735082,
                1.2026233511442086
            ],
            [
                2.4025928826186314,
                2.682885644960994,
                2.6396269012148723,
                2.328470199692932
            ],
            [
                4.567015464120986,
                4.244311381689258,
                3.8542122558434424,
                3.5892908178637617
            ],
            [
                3.6258360426264313,
                4.702925278084805,
                5.376583195635171,
                4.965935753626997
            ],
            [
                2.1470488780333343,
                5.34098253262645,
                6.731126897483651,
                6.609469644807569
            ],
            [
                0.7423515183415739,
                3.8722981128988776,
                5.398142694112286,
                7.530226523486709
            ],
            [
                0.0031269176646469277,
                1.5966054664879759,
                4.320034919477423,
                6.633652053828903
            ],
            [
                0.0,
                0.0,
                0.0,
                0.9847468797464173
            ]
        ],
        [
            [
                -0.005721607093429824,
                0.0014582550402394772,
                0.23685851231384678,
                0.6786951798368797
            ],
            [
                0.037337256192515995,
                -0.035546983023003215,
                0.07749284549380447,
                0.37619139233803056
            ],
            [
                -0.0551445262741099,
                0.03604890668807883,
                -0.1944342743647809,
                -0.007593372247410913
            ],
            [
                -0.2069549828331093,
                0.23827389502974805,
                -0.2544510702418142,
                -0.47349935512101754
            ],
            [
                -0.10884122250106418,
                0.47331779473063823,
                0.25323872930914726,
                -0.27484337994672087
            ],
            [
                0.19346289818199083,
                0.7108575965880249,
                0.9524256072488225,
                0.6487368093161925
            ],
            [
                0.8481356450840642,
                1.193815889424648,
                1.6320526987270818,
                1.7547170516399315
            ],
            [
                2.0348816338858366,
                2.2892275480823576,
                2.4534767682723957,
                2.9298080312961217
            ],
            [
                3.192532642239894,
                3.7424108947041517,
                3.7423679043697997,
                4.17296017714074
            ],
            [
                0.0,
                4.1333937079559355,
                5.165327809126624,
                5.542697511831418
            ],
            [
                0.0,
                3.731109640563238,
                5.6098849775243815,
                6.017319938762407
            ],
            [
                0.0,
                2.2939846560900845,
                4.438687801901594,
                6.553865721942137
            ],
            [
                0.0,
                1.671063945254226,
                3.010387191717012,
                6.230537268237887
            ],
            [
                0.0,
                0.0,
                0.0,
                0.40346794553545934
            ]
        ],
        [
            [
                -0.014880509830905476,
                0.05071409963665353,
                0.2666289304537906,
                0.25565160910034784
            ],
            [
                0.06626397039681284,
                -0.11801223113798708,
                -0.0732036271753572,
                0.06174144601065576
            ],
            [
                -0.00558816355610981,
                0.08372753311049777,
                -0.2629058423958893,
                -0.2452632289919134
            ],
            [
                -0.20414944257142595,
                0.2948550765641963,
                0.1457120670557839,
                -0.3244602081671577
            ],
            [
                -0.19852626501627096,
                0.4431481517032072,
                0.7752313313879066,
                0.34531740859267107
            ],
            [
                -0.025962978427010466,
                0.7002334774190964,
                1.1896570565745204,
                1.4458960689842044
            ],
            [
                -0.031797033363601845,
                1.2097072442583334,
                1.6823665932247662,
                2.56209879288292
            ],
            [
                -0.7430966232290297,
                2.047965707446318,
                2.5994601527821555,
                3.692381262731209
            ],
            [
                0.9908629613489588,
                2.7673153410839837,
                3.4210221547012316,
                4.716110516391747
            ],
            [
                0.0,
                -1.430198115055,
                3.7390870899499142,
                5.5767084297159775
            ],
            [
                0.0,
                1.246529575269475,
                3.672145832328232,
                6.417287965704518
            ],
            [
                0.0,
                0.0,
                1.658696944642919,
                6.729885140303579
            ],
            [
                0.0,
                0.0,
                1.0158139170201,
                5.152388996605848
            ],
            [
                0.0,
                0.0,
                -0.6787279433772068,
                -0.8449270042166132
            ]
        ],
        [
            [
                -0.00819266966272107,
