{
    "bins": [
        [
            0.0,
            300.0,
            600.0,
            950.0,
            1550.0
        ],
        [
            1.0,
            2.154434690031884,
            4.641588833612778,
            10.0,
            21.544346900318832,
            46.41588833612777,
            100.0,
            215.44346900318823,
            464.15888336127773,
            1000.0,
            2154.4346900318824,
            4641.588833612777,
            10000.0,
            100000.0,
            1000000.0
        ],
        [
            2.5,
            3.5,
            4.0,
            4.4,
            5.5
        ]
    ],
    "bounds": [
        [
            0.0,
            1550.0
        ],
        [
            1.0,
            1000000.0
        ],
        [
            0.1,
            "inf"
        ]
    ],
    "ratios": [
        [
            [
                -0.00520894160745861,
                -0.03482631155203546,
                0.30965894576143466,
                1.1576029165147919
            ],
            [
                0.005772104696099138,
                0.01746336320981581,
                0.1075934216103801,
                0.698777307100475
            ],
            [
                0.0019516832508477927,
                -0.0012917148703626364,
                -0.18777365081226333,
                0.0777089431881924
            ],
            [
                0.14256530257081132,
                0.19809280460637038,
                -0.3913550902171903,
                -0.5543402282111367
            ],
            [
                0.4684090711082048,
                0.738383986904667,
                -0.08902854304429973,
                -0.6423345545517507
            ],
            [
                0.9345029015094991,
                1.2577449778962475,
                0.9404926341538922,
                0.09479056062024574
            ],
            [
                1.3559016897218181,
                1.7774875244786106,
                1.8644514932921752,
                1.2265680149528309
            ],
            [
                2.4348901208451723,
                2.915254688616318,
                2.89590961316457,
                2.46037664092631
            ],
            [
                3.4969804130117663,
                4.028736634771074,
                4.13582797261038,
                3.8446079922587915
            ],
            [
                4.008013229786784,
                6.029301982345548,
                6.478552441065057,
                5.116245389111988
            ],
            [
                1.527055393532787,
                5.469184451971575,
                6.823760322608461,
                6.689150757626636
            ],
            [
                1.0964522773999963,
                4.0062676113010784,
                5.626783941038509,
                7.619587475224489
            ],
            [
                -0.03311297307400324,
                2.4660911895536843,
                4.576085358039066,
                6.869668512586719
            ],
            [
                0.0,
                0.0,
                0.0,
                1.6165864189906267
            ]
        ],
        [
            [
                -0.0042466269276012145,
                -0.00838008634053809,
                0.23777396307787838,
                0.6177972476958642
            ],
            [
                0.02030040898788383,
                -0.025719605660844764,
                0.0908724284407456,
                0.4046505325979572
            ],
            [
                -0.008126212019127502,
                0.024988038989005187,
                -0.17472930912027212,
                0.0944857734820216
            ],
            [
                -0.13402214444749389,
                0.2524083994799511,
                -0.3035310151570323,
                -0.47091811190387467
            ],
            [
                -0.016335235177935777,
                0.5367268421272625,
                0.24998358532282208,
                -0.40240728168759676
            ],
            [
                0.2475855607809651,
                0.8420150962020297,
                1.1070742779472706,
                0.5968129537158763
            ],
            [
                0.9936789315039759,
                1.3042071056876237,
                1.7606682143864878,
                1.7951905692728696
            ],
            [
                2.2439716811995174,
                2.4416665987399857,
                2.709537503481579,
                3.080989094172549
            ],
            [
                3.435416006883856,
                3.9760601744575585,
                3.778184500921061,
                4.3548032416930855
            ],
            [
                -0.3288555043920738,
                5.405475232896859,
                5.676689636936602,
                5.595268721280042
            ],
            [
                0.0,
                3.9145862346541693,
                5.739646614779572,
                6.10918699787585
            ],
            [
                0.0,
                2.434522499526766,
                4.679275741138666,
                7.38318059490399
            ],
            [
                0.0,
                1.6373940186237443,
                3.083195276422997,
                6.4383470430191965
            ],
            [
                0.0,
                0.0,
                0.0,
                1.555390320995321
            ]
        ],
        [
            [
                -0.017730439080687724,
                0.055307841020410003,
                0.18654661454394003,
                0.10260060887618858
            ],
            [
                0.05822176214036185,
                -0.11979258375984404,
                -0.011367507782264613,
                0.023630481071952186
            ],
            [
                0.04378283561647222,
                0.0497870714465028,
                -0.25637908010944127,
                -0.14411662823105273
            ],
            [
                -0.09899005820848948,
                0.3275711997091146,
                0.0879201097116349,
                -0.3440673902178926
            ],
            [
                -0.07301116395005942,
                0.505844050693547,
                0.819772556845446,
                0.29406015378064804
            ],
            [
                0.171726647273588,
                0.7759603227057131,
                1.3109843158720356,
                1.4690185443061496
            ],
            [
                0.28117767912492625,
                1.2228931514091341,
                1.7962731550809603,
                2.6678651308900516
            ],
            [
                0.6779538208813207,
                2.0392736372457643,
                2.7182113540268618,
                3.9414057998561627
            ],
            [
                0.9625768911494598,
                3.1284177148503933,
                3.7142390455475383,
                4.907050308349725
            ],
            [
                0.0,
                1.2828854308452715,
                4.241748973032802,
                5.955452668092159
            ],
            [
                0.0,
                2.466442895333533,
                3.6182246566789287,
                6.2849576493201855
            ],
            [
                0.0,
                0.0,
                1.921682696632713,
                6.94369062916329
            ],
            [
                0.0,
                0.0,
                1.185488912379702,
                5.443483345535155
            ],
            [
                0.0,
                0.0,
                0.31243466950135756,
                0.6475898329737741
            ]
        ],
        [
            [
                -0.02005640757938214,
